    <beans>
        <Bean bean_id="Bean:bean_id:ZABBean" bean_name="ZABUserBean" 
                module_id="ABTest" 
                transaction_type="3"
                classname="com.zoho.abtest.utility.ZABUserBeanImpl">
        </Bean>
        <Bean bean_id="Bean:bean_id:TableCreationBean" bean_name="ZABTableCreationBean" 
                module_id="ABTest" 
                transaction_type="3"
                classname="com.zoho.abtest.utility.ZABTableCreationBeanImpl">
        </Bean>
         <Bean bean_id="Bean:bean_id:ChartBean" bean_name="ZABChartBean" 
                module_id="ABTest" 
                transaction_type="3"
                classname="com.zoho.abtest.utility.ZABChartBeanImpl">
        </Bean>
         <Bean bean_id="Bean:bean_id:RevenueBean" bean_name="ZABRevenueBean" 
                module_id="ABTest" 
                transaction_type="3"
                classname="com.zoho.abtest.utility.ZABRevenueBeanImpl">
        </Bean>
        
         <Bean bean_id="Bean:bean_id:RevenueChartBean" bean_name="ZABRevenueChartBean" 
                module_id="ABTest" 
                transaction_type="3"
                classname="com.zoho.abtest.revenue.ZABRevenueChartBeanImpl">
        </Bean>
        
        <Bean bean_id="Bean:bean_id:FunnelBean" bean_name="ZABFunnelBean" 
                module_id="ABTest" 
                transaction_type="3"
                classname="com.zoho.abtest.funnel.report.FunnelReportBeanImpl">
        </Bean>
        
        <Bean bean_id="Bean:bean_id:CDNBean" bean_name="ZABCDN" 
                module_id="ABTest" 
                transaction_type="3"
                classname="com.zoho.abtest.cdn.LocalCDN">
        </Bean>
    </beans>
    <!-- $Id$ -->