    
    <!-- $Id$ -->
    <!DOCTYPE repetition-job SYSTEM '../conf/Scheduler/schedule.dtd'>
    <repetition-job>
        <ThreadPool name="abtestthreadpool"  max-threads="10" isdefault="true" />
        
        <!-- <PeriodicRepetition name="ArchiveRawDataByDimensionsOnHourSchedule" time-period="3600" is-common="true" />
        <PeriodicRepetition name="CumulateRawdataSummaryOnHourSchedule" time-period="3600" is-common="true" />
        
        <CalendarRepetition name="RawTableGenerationSchedule" time-of-day="1" repeat-frequency="&daily;" is-common="true" />
        <CalendarRepetition name="RawTableCleanupSchedule" time-of-day="3600" repeat-frequency="&daily;" is-common="true" />
        <CalendarRepetition name="ArchiveRawDataByDimensionsOnDaySchedule" time-of-day="3600" repeat-frequency="&daily;" is-common="true" />
        <CalendarRepetition name="CumulateRawdataSummaryOnDaySchedule" time-of-day="3600" repeat-frequency="&daily;" is-common="true" /> 
        <CalendarRepetition name="ReportHourTableCleanupOnDaySchedule" time-of-day="7200" repeat-frequency="&daily;" is-common="true" />  -->
        
        <!-- 
        <RepetitiveJob class-name="com.zoho.abtest.job.RawdataTableGeneration" repetition-name="RawTableGenerationSchedule" admin-status="true" thread-pool-name="abtestthreadpool" />
        <RepetitiveJob class-name="com.zoho.abtest.job.RawdataTableCleanup" repetition-name="RawTableCleanupSchedule" admin-status="true" thread-pool-name="abtestthreadpool" />
        <RepetitiveJob class-name="com.zoho.abtest.job.CumulativeHourTablePopulation" repetition-name="CumulateRawdataSummaryOnHourSchedule" admin-status="true" thread-pool-name="abtestthreadpool" />
        <RepetitiveJob class-name="com.zoho.abtest.job.ArchiveRawDataByDimensionsOnHour" repetition-name="ArchiveRawDataByDimensionsOnHourSchedule" admin-status="true" thread-pool-name="abtestthreadpool" />
        -->
        <!-- <RepetitiveJob class-name="com.zoho.abtest.job.ReportHourTableCleanup" repetition-name="ReportHourTableCleanupOnDaySchedule" transaction-timeout="-1" admin-status="true" thread-pool-name="abtestthreadpool" />   -->
        <!-- <RepetitiveJob class-name="com.zoho.abtest.job.CumulativeDayTablePopulation" repetition-name="CumulateRawdataSummaryOnDaySchedule" transaction-timeout="-1" admin-status="true" thread-pool-name="abtestthreadpool" />
        <RepetitiveJob class-name="com.zoho.abtest.job.ArchiveRawDataByDimensionsOnDay" repetition-name="ArchiveRawDataByDimensionsOnDaySchedule" transaction-timeout="-1" admin-status="true" thread-pool-name="abtestthreadpool" />  -->
        
    </repetition-job>