<!-- $Id: $  -->
<Personality-configuration>
	<DominantTableConfig DOMINANTTABLEID="PROJECT" isindexed="false" nonindexlimit="100">
		<PersonalityConfiguration personalityid="PersonalityConfiguration:personalityid:1" personalityname="projectDetails" dominanttableid="PROJECT" modulename="project" description="to get complete Project details">
			<ConstituentTable tableid="PROJECT" mandatory="false" tableindex="1"/>
			<!--Experiment details  -->
			<ConstituentTable tableid="EXPERIMENT" mandatory="false" tableindex="2" fkconstraint_id="EXPERIMENT_FK"/>
			<ConstituentTable tableid="VARIATION" mandatory="false" tableindex="3" fkconstraint_id="VARIATION_FK"/>
			<!--Integration -->
			<ConstituentTable tableid="PROJECT_INTEGRATION" mandatory="false" tableindex="4" fkconstraint_id="PROJECT_INTEGRATION_FK1"/>
			<ConstituentTable tableid="EXPERIMENT_PROJECT_INTEGRATION" mandatory="false" tableindex="5" fkconstraint_id="EXPERIMENT_PROJECT_INTEGRATION_FK1"/>
			
			<!--Custom Events -->
			<ConstituentTable tableid="EVENTS" mandatory="false" tableindex="6" fkconstraint_id="EVENT_FK"/>
			<!--Goal -->

			<ConstituentTable tableid="EXPERIMENT_GOAL" mandatory="false" tableindex="7" fkconstraint_id="EXPERIMENT_GOAL_FK_1"/>
			<ConstituentTable tableid="GOAL" mandatory="false" tableindex="8" fkconstraint_id="GOAL_FK"/>
			<ConstituentTable tableid="PAGE_VISIT_GOAL" mandatory="false" tableindex="9" fkconstraint_id="PAGE_VISIT_GOAL_FK"/>
			<ConstituentTable tableid="LINK_CLICK_GOAL" mandatory="false" tableindex="10" fkconstraint_id="LINK_CLICK_GOAL_FK"/>
			<ConstituentTable tableid="FORM_SUBMIT_GOAL" mandatory="false" tableindex="11" fkconstraint_id="FORM_SUBMIT_GOAL_FK"/>			
			<ConstituentTable tableid="CUSTOM_EVENT_GOAL" mandatory="false" tableindex="12" fkconstraint_id="CUSTOM_EVENT_GOAL_FK"/>
			<ConstituentTable tableid="ELEMENT_CLICK_GOAL" mandatory="false" tableindex="13" fkconstraint_id="ELEMENT_CLICK_GOAL_FK"/>
			<ConstituentTable tableid="ELEMENT_CLICK_VARIATION" mandatory="false" tableindex="14" fkconstraint_id="ELEMENT_CLICK_VARIATION_FK_1"/>
			<!--Audience -->
			<ConstituentTable tableid="EXPERIMENT_AUDIENCE" mandatory="false" tableindex="15" fkconstraint_id="EXPERIMENT_AUDIENCE_FK_1"/>
			
			<!--Dynamic attribute -->
			<ConstituentTable tableid="DYNAMIC_ATTRIBUTES" mandatory="false" tableindex="16" fkconstraint_id="DYNAMIC_ATTRIBUTES_FK1"/>
			<ConstituentTable tableid="EXPERIMENT_DYNAMIC_ATTR" mandatory="false" tableindex="17" fkconstraint_id="EXPERIMENT_DYNAMIC_ATTR_FK1"/>
			
			<ConstituentTable tableid="GOOGLE_ANALYTICS_DETAILS" mandatory="false" tableindex="18" fkconstraint_id="GOOGLE_ANALYTICS_DETAILS_FK"/>
			
			<ConstituentTable tableid="ABSPLITEXPERIMENT" mandatory="false" tableindex="19" fkconstraint_id="ABSPLITEXPERIMENT_FK" />
			
			<ConstituentTable tableid="FUNNEL_ANALYSIS" mandatory="false" tableindex="20" fkconstraint_id="FUNNEL_ANALYSIS_FK" />
			<ConstituentTable tableid="FUNNEL_STEPS" mandatory="false" tableindex="21" fkconstraint_id="FUNNEL_STEP_FK" />
			<ConstituentTable tableid="FUNNEL_STEP_EVENTS" mandatory="false" tableindex="22" fkconstraint_id="FUNNEL_EVENT_FK_1"/>
			<ConstituentTable tableid="HEATMAP_EXPERIMENT" mandatory="false" tableindex="23" fkconstraint_id="HEATMAP_EXPERIMENT_FK" />
			<ConstituentTable tableid="TIME_SPENT_GOAL" mandatory="false" tableindex="24" fkconstraint_id="TIME_SPENT_GOAL_FK"/>
			
			<ConstituentTable tableid="SESSION_RECORDING_EXPERIMENT" mandatory="false" tableindex="25" fkconstraint_id="SESSION_RECORDING_FK" />
		
			<!-- form -->
			<ConstituentTable tableid="FORM_DETAILS" mandatory="false" tableindex="26" fkconstraint_id="FORM_DETAILS_FK" />
			<ConstituentTable tableid="FORM_FIELD_DETAILS" mandatory="false" tableindex="27" fkconstraint_id="FORM_FIELD_DETAILS_FK" />
			<ConstituentTable tableid="FORM_CUSTOM_EVENTS" mandatory="false" tableindex="28" fkconstraint_id="FORM_CUSTOM_EVENTS_FK_1"/>
			
			<ConstituentTable tableid="PRIVACY_CONSENT" mandatory="false" tableindex="29" fkconstraint_id="PRIVACY_CONSENT_FK"/>
			
		</PersonalityConfiguration>
		<PersonalityConfiguration personalityid="PersonalityConfiguration:personalityid:5" personalityname="allexperiments" dominanttableid="PROJECT" modulename="project" description="to get all Experiment details">
			<ConstituentTable tableid="PROJECT" mandatory="false" tableindex="1"/>
			<ConstituentTable tableid="PROJECT_USER_ROLE" mandatory="false" tableindex="2" fkconstraint_id="PROJECT_USER_ROLE_FK1"/>
			<ConstituentTable tableid="EXPERIMENT" mandatory="false" tableindex="3" fkconstraint_id="EXPERIMENT_FK"/>
			<ConstituentTable tableid="ABSPLITEXPERIMENT" mandatory="false" tableindex="4" fkconstraint_id="ABSPLITEXPERIMENT_FK" />
			<ConstituentTable tableid="HEATMAP_EXPERIMENT" mandatory="false" tableindex="5" fkconstraint_id="HEATMAP_EXPERIMENT_FK" />
		</PersonalityConfiguration>
	</DominantTableConfig>
	<DominantTableConfig DOMINANTTABLEID="EXPERIMENT" isindexed="false" nonindexlimit="100">
		<PersonalityConfiguration personalityid="PersonalityConfiguration:personalityid:2" personalityname="experimentDetails" dominanttableid="EXPERIMENT" modulename="experiment" description="to get complete Experiment details">
			<ConstituentTable tableid="EXPERIMENT" mandatory="false" tableindex="1"/>
			<ConstituentTable tableid="VARIATION" mandatory="false" tableindex="2" fkconstraint_id="VARIATION_FK"/>
			<!--Integration -->			
			<ConstituentTable tableid="EXPERIMENT_PROJECT_INTEGRATION" mandatory="false" tableindex="3" fkconstraint_id="EXPERIMENT_PROJECT_INTEGRATION_FK1"/>
			<!--Goal -->
			<ConstituentTable tableid="EXPERIMENT_GOAL" mandatory="false" tableindex="4" fkconstraint_id="EXPERIMENT_GOAL_FK_1"/>
			<!--Audience -->
			<ConstituentTable tableid="EXPERIMENT_AUDIENCE" mandatory="false" tableindex="5" fkconstraint_id="EXPERIMENT_AUDIENCE_FK_1"/>
			<!--Dynamic attribute -->
			<ConstituentTable tableid="EXPERIMENT_DYNAMIC_ATTR" mandatory="false" tableindex="6" fkconstraint_id="EXPERIMENT_DYNAMIC_ATTR_FK1"/>
			<ConstituentTable tableid="ABSPLITEXPERIMENT" mandatory="false" tableindex="7" fkconstraint_id="ABSPLITEXPERIMENT_FK" />
			<!--Funnel table -->
			<ConstituentTable tableid="FUNNEL_ANALYSIS" mandatory="false" tableindex="8" fkconstraint_id="FUNNEL_ANALYSIS_FK" />
			<ConstituentTable tableid="FUNNEL_STEPS" mandatory="false" tableindex="9" fkconstraint_id="FUNNEL_STEP_FK" />
			<ConstituentTable tableid="FUNNEL_STEP_EVENTS" mandatory="false" tableindex="10" fkconstraint_id="FUNNEL_EVENT_FK_1"/>
			<!-- Heatmap Table -->
			<ConstituentTable tableid="HEATMAP_EXPERIMENT" mandatory="false" tableindex="11" fkconstraint_id="HEATMAP_EXPERIMENT_FK" />
			
			<!-- Session Recording Table -->
			<ConstituentTable tableid="SESSION_RECORDING_EXPERIMENT" mandatory="false" tableindex="12" fkconstraint_id="SESSION_RECORDING_FK" />
			<!--Integration -->
			<ConstituentTable tableid="GOOGLE_ANALYTICS_DETAILS" mandatory="false" tableindex="13" fkconstraint_id="GOOGLE_ANALYTICS_DETAILS_FK"/>
			
			<ConstituentTable tableid="FORM_DETAILS" mandatory="false" tableindex="14" fkconstraint_id="FORM_DETAILS_FK" />
			<ConstituentTable tableid="FORM_FIELD_DETAILS" mandatory="false" tableindex="15" fkconstraint_id="FORM_FIELD_DETAILS_FK" />
			<ConstituentTable tableid="FORM_CUSTOM_EVENTS" mandatory="false" tableindex="16" fkconstraint_id="FORM_CUSTOM_EVENTS_FK_1"/>
		</PersonalityConfiguration>
	</DominantTableConfig>
	
	<DominantTableConfig DOMINANTTABLEID="GOAL" isindexed="false" nonindexlimit="100">
		<PersonalityConfiguration personalityid="PersonalityConfiguration:personalityid:3" personalityname="goalDetail" dominanttableid="GOAL" modulename="goal" description="to get complete Goal details">
			<ConstituentTable tableid="GOAL" mandatory="false" tableindex="1"/>
			<ConstituentTable tableid="PAGE_VISIT_GOAL" mandatory="false" tableindex="2" fkconstraint_id="PAGE_VISIT_GOAL_FK"/>
			<ConstituentTable tableid="LINK_CLICK_GOAL" mandatory="false" tableindex="3" fkconstraint_id="LINK_CLICK_GOAL_FK"/>
			<ConstituentTable tableid="FORM_SUBMIT_GOAL" mandatory="false" tableindex="4" fkconstraint_id="FORM_SUBMIT_GOAL_FK"/>			
			<ConstituentTable tableid="CUSTOM_EVENT_GOAL" mandatory="false" tableindex="5" fkconstraint_id="CUSTOM_EVENT_GOAL_FK"/>
			<ConstituentTable tableid="ELEMENT_CLICK_GOAL" mandatory="false" tableindex="6" fkconstraint_id="ELEMENT_CLICK_GOAL_FK"/>
			<ConstituentTable tableid="TIME_SPENT_GOAL" mandatory="false" tableindex="7" fkconstraint_id="TIME_SPENT_GOAL_FK"/>
			<ConstituentTable tableid="PROJECT_GOAL" mandatory="false" tableindex="8" fkconstraint_id="PROJECT_GOAL_FK"/>
	
		
			<!-- <ConstituentTable tableid="ELEMENT_CLICK_VARIATION" mandatory="false" tableindex="7" fkconstraint_id="ELEMENT_CLICK_VARIATION_FK_1"/> -->
		</PersonalityConfiguration>
		<PersonalityConfiguration personalityid="PersonalityConfiguration:personalityid:4" personalityname="experimentGoalDetail" dominanttableid="GOAL" modulename="goal" description="to get complete Experiment Goal details">
			<ConstituentTable tableid="GOAL" mandatory="false" tableindex="1"/>
			<ConstituentTable tableid="EXPERIMENT_GOAL" mandatory="false" tableindex="2" fkconstraint_id="EXPERIMENT_GOAL_FK_2"/>
			<ConstituentTable tableid="PAGE_VISIT_GOAL" mandatory="false" tableindex="3" fkconstraint_id="PAGE_VISIT_GOAL_FK"/>
			<ConstituentTable tableid="LINK_CLICK_GOAL" mandatory="false" tableindex="4" fkconstraint_id="LINK_CLICK_GOAL_FK"/>
			<ConstituentTable tableid="FORM_SUBMIT_GOAL" mandatory="false" tableindex="5" fkconstraint_id="FORM_SUBMIT_GOAL_FK"/>			
			<ConstituentTable tableid="CUSTOM_EVENT_GOAL" mandatory="false" tableindex="6" fkconstraint_id="CUSTOM_EVENT_GOAL_FK"/>
			<ConstituentTable tableid="ELEMENT_CLICK_GOAL" mandatory="false" tableindex="7" fkconstraint_id="ELEMENT_CLICK_GOAL_FK"/>
			<ConstituentTable tableid="TIME_SPENT_GOAL" mandatory="false" tableindex="8" fkconstraint_id="TIME_SPENT_GOAL_FK"/>
		
			<!-- <ConstituentTable tableid="ELEMENT_CLICK_VARIATION" mandatory="false" tableindex="7" fkconstraint_id="ELEMENT_CLICK_VARIATION_FK_1"/> -->
		</PersonalityConfiguration>
	</DominantTableConfig>
</Personality-configuration> 