<?xml version="1.0" encoding="UTF-8"?>
<!-- $Id$ -->

<!DOCTYPE extended-conf-files [
<!ENTITY product-config SYSTEM "${product.config}">
<!ENTITY customer-config SYSTEM "${customer.config}">
]>

<persistence-configurations>

   <!--
    * The below attribute enables configuring the class to be used for
    * Sequence generations. 
    -->
    <configuration name="SeqGenTypeVsClass" value="">
        <property name="INTEGER" value="com.adventnet.db.persistence.IntegerSequenceGenerator"/>
        <property name="BIGINT" value="com.adventnet.sas.sqgen.ExtendedLongSequenceGenerator"/>
        <!--property name="BIGINT" value="com.adventnet.db.persistence.LongSequenceGenerator"/-->
    </configuration>
	<configuration name="onSAS" value="true"/> 
	<configuration name="DBName" value="postgres"/>
    <configuration name="StartDBServer" value="false"/>

    <configuration name="TransactionTimeOut" value="300"/>
    <configuration name="Preprocessor" value="com.adventnet.sas.sqgen.SASPreProcessor"/>


    
    <!--configuration name="CacheRepository" value="com.adventnet.persistence.cache.CacheRepositoryImpl"/>
    <configuration name="TransactionTimeOut" value="300"/>
    <configuration name="Preprocessor" value=""/-->

    <configuration name="DataSourcePlugIn" value="com.zoho.cp.MainClusterDSPlugin"/>
    <configuration name="DSAdapter" value="saspg"/>

    <!-- This is for applications using simple MickeyLite -->
    <!--configuration name="DataSourcePlugIn" value="com.adventnet.ds.DefaultDataSourcePlugIn"/>
    <configuration name="DSAdapter" value="mysql"/-->

    <!-- This is for applications using MDS Enabled MickeyLite -->
    <!--
    <configuration name="DataSourcePlugIn" value="com.adventnet.ds.adapter.mds.MDSDataSourcePlugIn">
        <property name="DefaultDSAdapter" value="mysql"/>
    </configuration>
    <configuration name="DSAdapter" value="mds"/>
    -->

    <configuration name="sas" value="">
        <property name="dbadapter" value="com.adventnet.db.adapter.mysql.MysqlDBAdapter"/>
        <property name="datasource" value="com.adventnet.sas.ds.SASDataSource"/>
        <property name="sqlgenerator" value="com.adventnet.sas.ds.mysql.SASMysqlSQLGenerator"/>
</configuration>

    <configuration name="saspg" value="">
        <property name="dbadapter" value="com.adventnet.sas.ds.postgres.SASPGDBAdapter"/>
        <property name="datasource" value="com.adventnet.sas.ds.SASDataSource"/>
        <property name="sqlgenerator" value="com.adventnet.sas.ds.postgres.SASPGSQLGenerator"/>
	</configuration>

    <!-- SAS MultiDatasource DSAdapter configuration -->
    <configuration name="sasmds" value="">
            <property name="dbadapter" value="com.adventnet.sas.ds.SASDataSourceAdapter"/>
            <property name="datasource" value="com.adventnet.sas.ds.SASDataSource"/>
    </configuration>

    <!-- SAS Migration DSAdatper configuration -->
    <configuration name="sasmig" value="">
            <property name="dbadapter" value="com.adventnet.sas.ds.SASMigDataSourceAdapter"/>
            <property name="datasource" value="com.adventnet.sas.ds.SASDataSource"/>
    </configuration>

    <!-- -->


	<configuration name="ECTag" value="MLite"/>
    
    <configuration name="mds" value="">
        <property name="dbadapter" value="com.adventnet.ds.adapter.mds.MDSAdapter"/>
        <property name="sqlgenerator" value=""/>
    </configuration>

    <configuration name="mysql" value="">
        <property name="dbadapter" value="com.adventnet.db.adapter.mysql.MysqlDBAdapter"/>
        <property name="sqlgenerator" value="com.adventnet.db.adapter.mysql.MysqlSQLGenerator"/>
	<sql_function_pattern_files value="conf/Persistence/mysql_functionpatterns.txt"/>
    </configuration>
    
    <configuration name="oracle" value="">
        <property name="dbadapter" value="com.adventnet.db.adapter.oracle.OracleDBAdapter"/>
        <property name="sqlgenerator" value="com.adventnet.db.adapter.oracle.OracleSQLGenerator"/>
    </configuration>
    
    <configuration name="firebird" value="">
        <property name="dbadapter" value="com.adventnet.db.adapter.firebird.FireBirdDBAdapter"/>
        <property name="sqlgenerator" value="com.adventnet.db.adapter.firebird.FireBirdSQLGenerator"/>
    </configuration>
    
    <configuration name="postgres" value="">
        <property name="dbadapter" value="com.adventnet.db.adapter.postgres.PostgresDBAdapter"/>
        <property name="sqlgenerator" value="com.adventnet.db.adapter.postgres.PostgresSQLGenerator"/>
    </configuration>
    
    <configuration name="mssql" value="">
        <property name="dbadapter" value="com.adventnet.db.adapter.mssql.MssqlDBAdapter"/>
        <property name="sqlgenerator" value="com.adventnet.db.adapter.mssql.MssqlSQLGenerator"/>
    </configuration>
    
    <configuration name="OperationHandler" value="com.adventnet.persistence.DefaultOperationHandler">
        <property name="max-rows-per-operation" value="1000"/>
        <property name="max-rows-per-table" value="50"/>
    </configuration>

	<configuration name="MemcacheWrapperImpl" value="com.zoho.cache.cg.MemCacheInstrumentImpl"/>
  <configuration name="MemcacheErrorHandler" value="com.zoho.cache.cg.MemCacheErrorHandler"/>

  <configuration name="TemplateMetaHandler" value="com.adventnet.sas.metadata.DummyTemplateHandler"/>

  &product-config;
  &customer-config;

</persistence-configurations>

