<?xml version="1.0" encoding="UTF-8"?>
<!-- $Id$ -->
<service name="fcomponents">
	<properties>

		<!-- Common -->

			<property name="suite" value="Zoho"/>
			<property name="region" value="EU"/>

	<!-- Service Specific -->

			<property name="service.contextPath" value="/pagesense/fcomponents"/>
			
		<!-- Static Version-->

			<property name="staticVersion" value="currentVersion"/>

		<!-- Notify Collaborator-->

			<property name="notifycollaborator.mailFrom" value="support@zohodocs.com"/>
			<property name="notifycollaborator.abuseReplyMail" value="abuse@zoho.com"/>

		<!-- Feedback-->

			<property name="feedback.sendTo" value="support@zohopagesense.com"/>
			<property name="feedback.sendFrom" value=""/>

		<!-- Image Library-->

			<property name="imageLibrary.viewType" value=""/>

		<!-- Static Servers-->

			<property name="js.cdn.hostname" value="js.zohostatic.com"/>
			<property name="css.cdn.hostname" value="css.zohostatic.com"/>
			<property name="image.cdn.hostname" value="img.zohostatic.com"/>
			<property name="webfonts.cdn.hostname" value="webfonts.zohostatic.com"/>

		<!-- Docs-->

			<property name="docs.hostname" value="https://docs.zoho.com"/>
			<property name="docs.restAPI.hostname" value="https://apidocs.zoho.com"/>
			<property name="docs.downloadServer.isEnabled" value="true"/>
			<property name="docs.downloadServer.hostname" value="https://download.zoho.com"/>
			<property name="docs.downloadServer.serviceKey" value="EX"/>


		<!-- Gadgets-->

			<property name="gadgets.hostname" value="https://gadgets.zoho.com"/>

		
		<!-- Transmail details -->
		
			<property name="transmail.isEnabled" value="true"/>
			<property name="transmail.sendURL" value="https://internal1-transmail.localzoho.com"/>
			<property name="transmail.accountName" value="noreply@localadmin.zohopagesense.com"/>
			<property name="transmail.authToken" value="cbc244f0c22eddc2bc8b9dd184cda07e"/>
			<property name="transmail.projectKey" value="9f1cdbda09df32ebc42728209e0820be1b7ca200ed9e8be7cdb51699cee24e7b"/>
		
		<!-- smtp servers -->
			<property name="smtp.port" value="25"/>
		
		<!-- Specisl domains URLs for IAM Client Token generation -->
			<property name="crm.platformURLs" value="localzohoplatform.com,localzohoplatform2.com,zohoplatform.com,zohoplatform.eu"/>
		
		
	</properties>
	<supported-browsers>
		<browsers>
			<browser name="Chrome" min-version="150" best-version="150" download-url="http://www.google.com/chrome"/>
			<browser name="Firefox" min-version="130" best-version="150" download-url="http://www.mozilla.org"/>
			<browser name="Opera" min-version="120" best-version="150" download-url="http://www.opera.com/download"/>
			<browser name="MSIE" min-version="9" best-version="150" download-url="http://www.microsoft.com/internetexplorer"/>
			<browser name="Safari" min-version="60" best-version="150" download-url="http://www.apple.com/safari/download"/>
			<browser name="SeaMonkey" min-version="60" best-version="150" download-url="http://www.seamonkey-project.org/releases/"/>
		</browsers>
	</supported-browsers>
</service>
