<?xml version="1.0" encoding="UTF-8"?>
<listener-dictinary>
	<module name="ProjectTreeEventListener" topic-name="ABTestEvent" no-of-threads="12">
		<listener class="com.zoho.abtest.project.ProjectTreeEventListener" />
	</module>
	<module name="EventActivityListener"  topic-name="ABTestActivityLog" no-of-threads="12">
		<listener class="com.zoho.abtest.eventactivity.EventActivityListener" />
	</module>
	<module name="VisitorRawDataListener"  topic-name="VisitorRawdata" no-of-threads="21">
		<listener class="com.zoho.abtest.report.VisitorRawDataListener" />
	</module>
	<module name="VisitorGoalRawDataListener"  topic-name="VisitorGoalRawdata" no-of-threads="21">
		<listener class="com.zoho.abtest.report.VisitorGoalRawDataListener" />
	</module>
	<module name="WebhookListener"  topic-name="Webhook" no-of-threads="21">
		<listener class="com.zoho.abtest.report.WebhookListener" />
	</module>
	<module name="VisitorHeatmapRawDataListener"  topic-name="VisitorHeatMapRawdata" no-of-threads="21">
		<listener class="com.zoho.abtest.report.VisitorHeatmapRawDataListener" />
	</module>
	<module name="VisitorScrollmapRawDataListener"  topic-name="VisitorScrollMapRawdata" no-of-threads="21">
		<listener class="com.zoho.abtest.report.VisitorScrollmapRawDataListener" />
	</module>

	<module name="VisitorFormRawDataListener"  topic-name="VisitorFormRawdata" no-of-threads="21">
		<listener class="com.zoho.abtest.forms.VisitorFormRawDataListener" />
	</module>
		
	<module name="FunnelRawDataListener"  topic-name="FunnelRawData" no-of-threads="21">
		<listener class="com.zoho.abtest.funnel.report.FunnelRawDataListener" />
	</module>
	<module name="SessionRawDataListener"  topic-name="SessionRawData" no-of-threads="21">
		<listener class="com.zoho.abtest.sessionrecording.SessionRawDataListener" />
	</module>
	<module name="SessionEventDataListener"  topic-name="SessionEventData" no-of-threads="21">
		<listener class="com.zoho.abtest.sessionrecording.SessionEventDataListener" />
	</module>
	<!-- <module name="SessionAssetDigestListener"  topic-name="SessionAssetDigest" no-of-threads="21">
		<listener class="com.zoho.abtest.sessionrecording.SessionAssetDigestListener" />
	</module> -->
	<module name="AdminConsoleListener"  topic-name="ABTestAdminConsole" no-of-threads="4">
		<listener class="com.zoho.abtest.adminconsole.AdminConsoleListener" />
	</module>
	<module name="IdentityRawDataListener"  topic-name="IdentityRawData" no-of-threads="21">
		<listener class="com.zoho.abtest.identity.IdentityRawDataListener" />
	</module>
</listener-dictinary>